arg-id,comment-id,argument
A321_0,321,"AI should align with democratic principles, not limited to Western democracies but applicable to democracies worldwide."
A341_0,341,"Public awareness, education, and participation regarding AI and the environment should be improved."
A340_0,340,The benefits and risks of AI should be fairly distributed and not concentrated in just a few groups.
A339_0,339,AI should not make critical environmental decisions without human oversight.
A338_0,338,"Caution and care should guide the development and deployment of transformative AI applications, not speed."
A337_0,337,"AI systems should prioritize justice, empowerment, and environmental stewardship over efficiency and profit."
A336_0,336,AI governance frameworks should include environmental representatives and consider ecological impacts.
A335_0,335,"AI should be leveraged to help monitor, model, and reduce humanity's environmental footprint."
A334_0,334,AI researchers and developers have an ethical responsibility to consider the environmental impacts of their work.
A333_0,333,Comprehensive life cycle assessments should be conducted for AI systems to understand their environmental footprints.
A332_0,332,"AI systems should be designed and deployed sustainably, considering their environmental impacts, including energy use, materials, and waste."
A331_0,331,"AI development should encourage innovation and ensure its benefits are accessible to everyone, regardless of location or economic status."
A330_0,330,"AI technology should have a comprehensive risk assessment evaluating environmental, societal, and ethical implications."
A329_0,329,Strict data privacy regulations should be in place to protect individuals from AI systems misusing their data.
A328_0,328,AI should focus on solving societal challenges rather than solely being for profit.
A327_0,327,AI technologies should aim to be as energy-efficient as possible to reduce their environmental impact.
A326_0,326,"While global AI standards have value, localized regulations that respect cultural and societal norms are crucial."
A325_0,325,AI development should follow a universally accepted ethical framework that prioritizes human well-being and environmental sustainability.
A324_0,324,"The governance of AI should include diverse stakeholders like civil society, academia, and industry."
A323_0,323,We should educate the public about the capabilities of AI
A323_1,323,We should educate the public about the limitations and ethical considerations of AI
A322_0,322,AI developers should disclose their methodologies and datasets to ensure ethical and unbiased systems.
A295_0,295,Governments should expand access to data while protecting privacy to enable AI for good.
A320_0,320,Global cooperation on AI governance is crucial to manage environmental changes.
A319_0,319,AI deployment must respect nature and human dignity to realize sustainability benefits.
A318_0,318,AI can drive optimization but may also lead to increased consumption.
A318_1,318,Sustainable values should guide the design of AI technologies.
